http://meteo.gc.ca/rss/city/ab-12_f.xml, Airdrie, Alberta
http://meteo.gc.ca/rss/city/ab-10_f.xml, Athabasca, Alberta
http://meteo.gc.ca/rss/city/ab-49_f.xml, Banff, Alberta
http://meteo.gc.ca/rss/city/ab-2_f.xml, Barrhead, Alberta
http://meteo.gc.ca/rss/city/ab-57_f.xml, Beaverlodge, Alberta
http://meteo.gc.ca/rss/city/ab-43_f.xml, Bow Island, Alberta
http://meteo.gc.ca/rss/city/ab-42_f.xml, Bow Valley (Provincial Park), Alberta
http://meteo.gc.ca/rss/city/ab-36_f.xml, Breton, Alberta
http://meteo.gc.ca/rss/city/ab-58_f.xml, Brooks, Alberta
http://meteo.gc.ca/rss/city/ab-52_f.xml, Calgary, Alberta
http://meteo.gc.ca/rss/city/ab-61_f.xml, Calgary (Olympic Park), Alberta
http://meteo.gc.ca/rss/city/ab-18_f.xml, Camrose, Alberta
http://meteo.gc.ca/rss/city/ab-3_f.xml, Canmore, Alberta
http://meteo.gc.ca/rss/city/ab-64_f.xml, Cardston, Alberta
http://meteo.gc.ca/rss/city/ab-60_f.xml, Claresholm, Alberta
http://meteo.gc.ca/rss/city/ab-1_f.xml, Cochrane, Alberta
http://meteo.gc.ca/rss/city/ab-23_f.xml, Cold Lake, Alberta
http://meteo.gc.ca/rss/city/ab-59_f.xml, Coronation, Alberta
http://meteo.gc.ca/rss/city/ab-17_f.xml, Crowsnest, Alberta
http://meteo.gc.ca/rss/city/ab-48_f.xml, Drayton Valley, Alberta
http://meteo.gc.ca/rss/city/ab-62_f.xml, Drumheller, Alberta
http://meteo.gc.ca/rss/city/ab-50_f.xml, Edmonton, Alberta
http://meteo.gc.ca/rss/city/ab-71_f.xml, Edmonton (Int'l Aprt), Alberta
http://meteo.gc.ca/rss/city/ab-72_f.xml, Edson, Alberta
http://meteo.gc.ca/rss/city/ab-63_f.xml, Elk Island (National Park), Alberta
http://meteo.gc.ca/rss/city/ab-67_f.xml, Esther, Alberta
http://meteo.gc.ca/rss/city/ab-28_f.xml, Fort Chipewyan, Alberta
http://meteo.gc.ca/rss/city/ab-20_f.xml, Fort McMurray, Alberta
http://meteo.gc.ca/rss/city/ab-65_f.xml, Garden Creek, Alberta
http://meteo.gc.ca/rss/city/ab-45_f.xml, Grande Cache, Alberta
http://meteo.gc.ca/rss/city/ab-31_f.xml, Grande Prairie, Alberta
http://meteo.gc.ca/rss/city/ab-37_f.xml, Hendrickson Creek, Alberta
http://meteo.gc.ca/rss/city/ab-24_f.xml, High Level, Alberta
http://meteo.gc.ca/rss/city/ab-4_f.xml, High River, Alberta
http://meteo.gc.ca/rss/city/ab-68_f.xml, Highvale, Alberta
http://meteo.gc.ca/rss/city/ab-14_f.xml, Hinton, Alberta
http://meteo.gc.ca/rss/city/ab-70_f.xml, Jasper, Alberta
http://meteo.gc.ca/rss/city/ab-34_f.xml, Kananaskis (Nakiska Ridgetop), Alberta
http://meteo.gc.ca/rss/city/ab-32_f.xml, Lac La Biche, Alberta
http://meteo.gc.ca/rss/city/ab-39_f.xml, Lacombe, Alberta
http://meteo.gc.ca/rss/city/ab-30_f.xml, Lethbridge, Alberta
http://meteo.gc.ca/rss/city/ab-15_f.xml, Lloydminster, Alberta
http://meteo.gc.ca/rss/city/ab-51_f.xml, Medicine Hat, Alberta
http://meteo.gc.ca/rss/city/ab-33_f.xml, Mildred Lake, Alberta
http://meteo.gc.ca/rss/city/ab-19_f.xml, Milk River, Alberta
http://meteo.gc.ca/rss/city/ab-38_f.xml, Nordegg, Alberta
http://meteo.gc.ca/rss/city/ab-11_f.xml, Okotoks, Alberta
http://meteo.gc.ca/rss/city/ab-35_f.xml, Onefour, Alberta
http://meteo.gc.ca/rss/city/ab-25_f.xml, Peace River, Alberta
http://meteo.gc.ca/rss/city/ab-46_f.xml, Pincher Creek, Alberta
http://meteo.gc.ca/rss/city/ab-21_f.xml, Rainbow Lake, Alberta
http://meteo.gc.ca/rss/city/ab-29_f.xml, Red Deer, Alberta
http://meteo.gc.ca/rss/city/ab-40_f.xml, Red Earth Creek, Alberta
http://meteo.gc.ca/rss/city/ab-16_f.xml, Rocky Mountain House, Alberta
http://meteo.gc.ca/rss/city/ab-54_f.xml, Slave Lake, Alberta
http://meteo.gc.ca/rss/city/ab-44_f.xml, Stavely, Alberta
http://meteo.gc.ca/rss/city/ab-5_f.xml, Stettler, Alberta
http://meteo.gc.ca/rss/city/ab-22_f.xml, Stony Plain, Alberta
http://meteo.gc.ca/rss/city/ab-6_f.xml, Strathmore, Alberta
http://meteo.gc.ca/rss/city/ab-47_f.xml, Suffield, Alberta
http://meteo.gc.ca/rss/city/ab-53_f.xml, Sundre, Alberta
http://meteo.gc.ca/rss/city/ab-7_f.xml, Taber, Alberta
http://meteo.gc.ca/rss/city/ab-69_f.xml, Three Hills, Alberta
http://meteo.gc.ca/rss/city/ab-27_f.xml, Vauxhall, Alberta
http://meteo.gc.ca/rss/city/ab-26_f.xml, Vegreville, Alberta
http://meteo.gc.ca/rss/city/ab-55_f.xml, Wainwright, Alberta
http://meteo.gc.ca/rss/city/ab-66_f.xml, Waterton Park, Alberta
http://meteo.gc.ca/rss/city/ab-8_f.xml, Westlock, Alberta
http://meteo.gc.ca/rss/city/ab-9_f.xml, Wetaskiwin, Alberta
http://meteo.gc.ca/rss/city/ab-56_f.xml, Whitecourt, Alberta
http://meteo.gc.ca/rss/city/ab-41_f.xml, Willow Creek (Provincial Park), Alberta
http://meteo.gc.ca/rss/city/bc-7_f.xml, 100 Mile House, British Columbia
http://meteo.gc.ca/rss/city/bc-81_f.xml, Abbotsford, British Columbia
http://meteo.gc.ca/rss/city/bc-70_f.xml, Agassiz, British Columbia
http://meteo.gc.ca/rss/city/bc-67_f.xml, Atlin, British Columbia
http://meteo.gc.ca/rss/city/bc-94_f.xml, Bella Bella, British Columbia
http://meteo.gc.ca/rss/city/bc-18_f.xml, Bella Coola, British Columbia
http://meteo.gc.ca/rss/city/bc-22_f.xml, Blue River, British Columbia
http://meteo.gc.ca/rss/city/bc-43_f.xml, Burns Lake, British Columbia
http://meteo.gc.ca/rss/city/bc-55_f.xml, Cache Creek, British Columbia
http://meteo.gc.ca/rss/city/bc-19_f.xml, Campbell River, British Columbia
http://meteo.gc.ca/rss/city/bc-6_f.xml, Cassiar, British Columbia
http://meteo.gc.ca/rss/city/bc-21_f.xml, Castlegar, British Columbia
http://meteo.gc.ca/rss/city/bc-23_f.xml, Chetwynd, British Columbia
http://meteo.gc.ca/rss/city/bc-24_f.xml, Chilliwack, British Columbia
http://meteo.gc.ca/rss/city/bc-12_f.xml, Clearwater, British Columbia
http://meteo.gc.ca/rss/city/bc-91_f.xml, Clinton, British Columbia
http://meteo.gc.ca/rss/city/bc-61_f.xml, Comox, British Columbia
http://meteo.gc.ca/rss/city/bc-92_f.xml, Courtenay, British Columbia
http://meteo.gc.ca/rss/city/bc-77_f.xml, Cranbrook, British Columbia
http://meteo.gc.ca/rss/city/bc-26_f.xml, Creston, British Columbia
http://meteo.gc.ca/rss/city/bc-95_f.xml, Cummins Lakes (Provincial Park), British Columbia
http://meteo.gc.ca/rss/city/bc-25_f.xml, Dawson Creek, British Columbia
http://meteo.gc.ca/rss/city/bc-14_f.xml, Dease Lake, British Columbia
http://meteo.gc.ca/rss/city/bc-8_f.xml, Dome Creek, British Columbia
http://meteo.gc.ca/rss/city/bc-40_f.xml, Esquimalt, British Columbia
http://meteo.gc.ca/rss/city/bc-15_f.xml, Estevan Point, British Columbia
http://meteo.gc.ca/rss/city/bc-83_f.xml, Fort Nelson, British Columbia
http://meteo.gc.ca/rss/city/bc-78_f.xml, Fort St. John, British Columbia
http://meteo.gc.ca/rss/city/bc-1_f.xml, Gibsons, British Columbia
http://meteo.gc.ca/rss/city/bc-34_f.xml, Golden, British Columbia
http://meteo.gc.ca/rss/city/bc-32_f.xml, Gonzales Point, British Columbia
http://meteo.gc.ca/rss/city/bc-9_f.xml, Good Hope Lake, British Columbia
http://meteo.gc.ca/rss/city/bc-39_f.xml, Grand Forks, British Columbia
http://meteo.gc.ca/rss/city/bc-93_f.xml, Gulf Islands (Southern), British Columbia
http://meteo.gc.ca/rss/city/bc-36_f.xml, Hope, British Columbia
http://meteo.gc.ca/rss/city/bc-31_f.xml, Hope Slide, British Columbia
http://meteo.gc.ca/rss/city/bc-72_f.xml, Invermere, British Columbia
http://meteo.gc.ca/rss/city/bc-45_f.xml, Kamloops, British Columbia
http://meteo.gc.ca/rss/city/bc-48_f.xml, Kelowna, British Columbia
http://meteo.gc.ca/rss/city/bc-30_f.xml, Kitimat, British Columbia
http://meteo.gc.ca/rss/city/bc-11_f.xml, Kootenay (National Park), British Columbia
http://meteo.gc.ca/rss/city/bc-87_f.xml, Liard River, British Columbia
http://meteo.gc.ca/rss/city/bc-28_f.xml, Lillooet, British Columbia
http://meteo.gc.ca/rss/city/bc-33_f.xml, Lytton, British Columbia
http://meteo.gc.ca/rss/city/bc-90_f.xml, Mackenzie, British Columbia
http://meteo.gc.ca/rss/city/bc-29_f.xml, Malahat, British Columbia
http://meteo.gc.ca/rss/city/bc-56_f.xml, Masset, British Columbia
http://meteo.gc.ca/rss/city/bc-47_f.xml, McBride, British Columbia
http://meteo.gc.ca/rss/city/bc-49_f.xml, Merritt, British Columbia
http://meteo.gc.ca/rss/city/bc-63_f.xml, Muncho Lake, British Columbia
http://meteo.gc.ca/rss/city/bc-38_f.xml, Nakusp, British Columbia
http://meteo.gc.ca/rss/city/bc-20_f.xml, Nanaimo, British Columbia
http://meteo.gc.ca/rss/city/bc-37_f.xml, Nelson, British Columbia
http://meteo.gc.ca/rss/city/bc-69_f.xml, Osoyoos, British Columbia
http://meteo.gc.ca/rss/city/bc-16_f.xml, Pemberton, British Columbia
http://meteo.gc.ca/rss/city/bc-84_f.xml, Penticton, British Columbia
http://meteo.gc.ca/rss/city/bc-35_f.xml, Pitt Meadows, British Columbia
http://meteo.gc.ca/rss/city/bc-46_f.xml, Port Alberni, British Columbia
http://meteo.gc.ca/rss/city/bc-89_f.xml, Port Hardy, British Columbia
http://meteo.gc.ca/rss/city/bc-58_f.xml, Powell River, British Columbia
http://meteo.gc.ca/rss/city/bc-79_f.xml, Prince George, British Columbia
http://meteo.gc.ca/rss/city/bc-57_f.xml, Prince Rupert, British Columbia
http://meteo.gc.ca/rss/city/bc-41_f.xml, Princeton, British Columbia
http://meteo.gc.ca/rss/city/bc-42_f.xml, Puntzi Mountain, British Columbia
http://meteo.gc.ca/rss/city/bc-64_f.xml, Quesnel, British Columbia
http://meteo.gc.ca/rss/city/bc-65_f.xml, Revelstoke, British Columbia
http://meteo.gc.ca/rss/city/bc-10_f.xml, Rock Creek, British Columbia
http://meteo.gc.ca/rss/city/bc-51_f.xml, Salmon Arm, British Columbia
http://meteo.gc.ca/rss/city/bc-88_f.xml, Sandspit, British Columbia
http://meteo.gc.ca/rss/city/bc-3_f.xml, Sechelt, British Columbia
http://meteo.gc.ca/rss/city/bc-82_f.xml, Smithers, British Columbia
http://meteo.gc.ca/rss/city/bc-52_f.xml, Sparwood, British Columbia
http://meteo.gc.ca/rss/city/bc-50_f.xml, Squamish, British Columbia
http://meteo.gc.ca/rss/city/bc-73_f.xml, Stewart, British Columbia
http://meteo.gc.ca/rss/city/bc-54_f.xml, Summerland, British Columbia
http://meteo.gc.ca/rss/city/bc-60_f.xml, Tatlayoko Lake, British Columbia
http://meteo.gc.ca/rss/city/bc-80_f.xml, Terrace, British Columbia
http://meteo.gc.ca/rss/city/bc-53_f.xml, Tetsa River (Provincial Park), British Columbia
http://meteo.gc.ca/rss/city/bc-17_f.xml, Tofino, British Columbia
http://meteo.gc.ca/rss/city/bc-71_f.xml, Trail, British Columbia
http://meteo.gc.ca/rss/city/bc-5_f.xml, Ucluelet, British Columbia
http://meteo.gc.ca/rss/city/bc-13_f.xml, Valemount, British Columbia
http://meteo.gc.ca/rss/city/bc-74_f.xml, Vancouver, British Columbia
http://meteo.gc.ca/rss/city/bc-44_f.xml, Vanderhoof, British Columbia
http://meteo.gc.ca/rss/city/bc-27_f.xml, Vernon, British Columbia
http://meteo.gc.ca/rss/city/bc-85_f.xml, Victoria, British Columbia
http://meteo.gc.ca/rss/city/bc-59_f.xml, Victoria (Hartland), British Columbia
http://meteo.gc.ca/rss/city/bc-66_f.xml, Victoria (University of), British Columbia
http://meteo.gc.ca/rss/city/bc-75_f.xml, Victoria Harbour, British Columbia
http://meteo.gc.ca/rss/city/bc-86_f.xml, Whistler, British Columbia
http://meteo.gc.ca/rss/city/bc-62_f.xml, White Rock, British Columbia
http://meteo.gc.ca/rss/city/bc-76_f.xml, Williams Lake, British Columbia
http://meteo.gc.ca/rss/city/bc-68_f.xml, Yoho (National Park), British Columbia
http://meteo.gc.ca/rss/city/mb-3_f.xml, Altona, Manitoba
http://meteo.gc.ca/rss/city/mb-21_f.xml, Arnes, Manitoba
http://meteo.gc.ca/rss/city/mb-43_f.xml, Bachelors Island, Manitoba
http://meteo.gc.ca/rss/city/mb-54_f.xml, Berens River, Manitoba
http://meteo.gc.ca/rss/city/mb-33_f.xml, Bissett, Manitoba
http://meteo.gc.ca/rss/city/mb-37_f.xml, Bloodvein, Manitoba
http://meteo.gc.ca/rss/city/mb-52_f.xml, Brandon, Manitoba
http://meteo.gc.ca/rss/city/mb-53_f.xml, Brochet, Manitoba
http://meteo.gc.ca/rss/city/mb-35_f.xml, Carberry, Manitoba
http://meteo.gc.ca/rss/city/mb-65_f.xml, Carman, Manitoba
http://meteo.gc.ca/rss/city/mb-42_f.xml, Churchill, Manitoba
http://meteo.gc.ca/rss/city/mb-58_f.xml, Dauphin, Manitoba
http://meteo.gc.ca/rss/city/mb-49_f.xml, Deerwood, Manitoba
http://meteo.gc.ca/rss/city/mb-40_f.xml, Delta, Manitoba
http://meteo.gc.ca/rss/city/mb-2_f.xml, Dominion City, Manitoba
http://meteo.gc.ca/rss/city/mb-47_f.xml, Emerson, Manitoba
http://meteo.gc.ca/rss/city/mb-24_f.xml, Fisher Branch, Manitoba
http://meteo.gc.ca/rss/city/mb-60_f.xml, Flin Flon, Manitoba
http://meteo.gc.ca/rss/city/mb-64_f.xml, Gillam, Manitoba
http://meteo.gc.ca/rss/city/mb-62_f.xml, Gimli, Manitoba
http://meteo.gc.ca/rss/city/mb-63_f.xml, Gods Lake, Manitoba
http://meteo.gc.ca/rss/city/mb-9_f.xml, Grand Beach, Manitoba
http://meteo.gc.ca/rss/city/mb-57_f.xml, Grand Rapids, Manitoba
http://meteo.gc.ca/rss/city/mb-48_f.xml, Gretna, Manitoba
http://meteo.gc.ca/rss/city/mb-50_f.xml, Hunters Point, Manitoba
http://meteo.gc.ca/rss/city/mb-59_f.xml, Island Lake, Manitoba
http://meteo.gc.ca/rss/city/mb-22_f.xml, Leaf Rapids, Manitoba
http://meteo.gc.ca/rss/city/mb-18_f.xml, Little Grand Rapids, Manitoba
http://meteo.gc.ca/rss/city/mb-41_f.xml, Lynn Lake, Manitoba
http://meteo.gc.ca/rss/city/mb-15_f.xml, McCreary, Manitoba
http://meteo.gc.ca/rss/city/mb-45_f.xml, Melita, Manitoba
http://meteo.gc.ca/rss/city/mb-10_f.xml, Minnedosa, Manitoba
http://meteo.gc.ca/rss/city/mb-17_f.xml, Morden, Manitoba
http://meteo.gc.ca/rss/city/mb-11_f.xml, Morris, Manitoba
http://meteo.gc.ca/rss/city/mb-25_f.xml, Norway House, Manitoba
http://meteo.gc.ca/rss/city/mb-14_f.xml, Oak Point, Manitoba
http://meteo.gc.ca/rss/city/mb-27_f.xml, Oxford House, Manitoba
http://meteo.gc.ca/rss/city/mb-19_f.xml, Pilot Mound, Manitoba
http://meteo.gc.ca/rss/city/mb-44_f.xml, Pinawa, Manitoba
http://meteo.gc.ca/rss/city/mb-4_f.xml, Pine Falls, Manitoba
http://meteo.gc.ca/rss/city/mb-5_f.xml, Poplar River, Manitoba
http://meteo.gc.ca/rss/city/mb-29_f.xml, Portage la Prairie, Manitoba
http://meteo.gc.ca/rss/city/mb-67_f.xml, Pukatawagan, Manitoba
http://meteo.gc.ca/rss/city/mb-6_f.xml, Richer, Manitoba
http://meteo.gc.ca/rss/city/mb-32_f.xml, Roblin, Manitoba
http://meteo.gc.ca/rss/city/mb-39_f.xml, Shamattawa, Manitoba
http://meteo.gc.ca/rss/city/mb-61_f.xml, Shilo, Manitoba
http://meteo.gc.ca/rss/city/mb-28_f.xml, Shoal Lake, Manitoba
http://meteo.gc.ca/rss/city/mb-12_f.xml, Snow Lake, Manitoba
http://meteo.gc.ca/rss/city/mb-16_f.xml, Souris, Manitoba
http://meteo.gc.ca/rss/city/mb-23_f.xml, Sprague, Manitoba
http://meteo.gc.ca/rss/city/mb-13_f.xml, Steinbach, Manitoba
http://meteo.gc.ca/rss/city/mb-46_f.xml, Swan River, Manitoba
http://meteo.gc.ca/rss/city/mb-51_f.xml, Tadoule Lake, Manitoba
http://meteo.gc.ca/rss/city/mb-30_f.xml, The Pas, Manitoba
http://meteo.gc.ca/rss/city/mb-34_f.xml, Thompson, Manitoba
http://meteo.gc.ca/rss/city/mb-66_f.xml, Turtle Mountain (Provincial Park), Manitoba
http://meteo.gc.ca/rss/city/mb-55_f.xml, Victoria Beach, Manitoba
http://meteo.gc.ca/rss/city/mb-20_f.xml, Virden, Manitoba
http://meteo.gc.ca/rss/city/mb-7_f.xml, Vita, Manitoba
http://meteo.gc.ca/rss/city/mb-31_f.xml, Wasagaming, Manitoba
http://meteo.gc.ca/rss/city/mb-8_f.xml, Whiteshell, Manitoba
http://meteo.gc.ca/rss/city/mb-26_f.xml, Winkler, Manitoba
http://meteo.gc.ca/rss/city/mb-38_f.xml, Winnipeg, Manitoba
http://meteo.gc.ca/rss/city/mb-36_f.xml, Winnipeg (The Forks), Manitoba
http://meteo.gc.ca/rss/city/mb-56_f.xml, York Factory, Manitoba
http://meteo.gc.ca/rss/city/nb-22_f.xml, Bas-Caraquet, New Brunswick
http://meteo.gc.ca/rss/city/nb-28_f.xml, Bathurst, New Brunswick
http://meteo.gc.ca/rss/city/nb-1_f.xml, Bouctouche, New Brunswick
http://meteo.gc.ca/rss/city/nb-2_f.xml, Campbellton, New Brunswick
http://meteo.gc.ca/rss/city/nb-30_f.xml, Charlo, New Brunswick
http://meteo.gc.ca/rss/city/nb-3_f.xml, Chipman, New Brunswick
http://meteo.gc.ca/rss/city/nb-26_f.xml, Dalhousie, New Brunswick
http://meteo.gc.ca/rss/city/nb-4_f.xml, Doaktown, New Brunswick
http://meteo.gc.ca/rss/city/nb-32_f.xml, Edmundston, New Brunswick
http://meteo.gc.ca/rss/city/nb-29_f.xml, Fredericton, New Brunswick
http://meteo.gc.ca/rss/city/nb-5_f.xml, Fundy (National Park), New Brunswick
http://meteo.gc.ca/rss/city/nb-6_f.xml, Grand Falls, New Brunswick
http://meteo.gc.ca/rss/city/nb-27_f.xml, Grand Manan, New Brunswick
http://meteo.gc.ca/rss/city/nb-8_f.xml, Hopewell, New Brunswick
http://meteo.gc.ca/rss/city/nb-9_f.xml, Kouchibouguac, New Brunswick
http://meteo.gc.ca/rss/city/nb-25_f.xml, Miramichi, New Brunswick
http://meteo.gc.ca/rss/city/nb-31_f.xml, Miscou Island, New Brunswick
http://meteo.gc.ca/rss/city/nb-36_f.xml, Moncton, New Brunswick
http://meteo.gc.ca/rss/city/nb-10_f.xml, Mount Carleton (Provincial Park), New Brunswick
http://meteo.gc.ca/rss/city/nb-11_f.xml, Oromocto, New Brunswick
http://meteo.gc.ca/rss/city/nb-34_f.xml, Point Escuminac, New Brunswick
http://meteo.gc.ca/rss/city/nb-33_f.xml, Point Lepreau, New Brunswick
http://meteo.gc.ca/rss/city/nb-12_f.xml, Quispamsis, New Brunswick
http://meteo.gc.ca/rss/city/nb-13_f.xml, Richibucto, New Brunswick
http://meteo.gc.ca/rss/city/nb-14_f.xml, Rogersville, New Brunswick
http://meteo.gc.ca/rss/city/nb-15_f.xml, Sackville, New Brunswick
http://meteo.gc.ca/rss/city/nb-18_f.xml, Saint Andrews, New Brunswick
http://meteo.gc.ca/rss/city/nb-23_f.xml, Saint John, New Brunswick
http://meteo.gc.ca/rss/city/nb-16_f.xml, Saint-Quentin, New Brunswick
http://meteo.gc.ca/rss/city/nb-17_f.xml, Shediac, New Brunswick
http://meteo.gc.ca/rss/city/nb-24_f.xml, St. Leonard, New Brunswick
http://meteo.gc.ca/rss/city/nb-35_f.xml, St. Stephen, New Brunswick
http://meteo.gc.ca/rss/city/nb-19_f.xml, Sussex, New Brunswick
http://meteo.gc.ca/rss/city/nb-20_f.xml, Tracadie-Sheila, New Brunswick
http://meteo.gc.ca/rss/city/nb-21_f.xml, Woodstock, New Brunswick
http://meteo.gc.ca/rss/city/nl-34_f.xml, Badger, Newfoundland and Labrodor
http://meteo.gc.ca/rss/city/nl-43_f.xml, Bay Roberts, Newfoundland and Labrodor
http://meteo.gc.ca/rss/city/nl-14_f.xml, Bonavista, Newfoundland and Labrodor
http://meteo.gc.ca/rss/city/nl-4_f.xml, Buchans, Newfoundland and Labrodor
http://meteo.gc.ca/rss/city/nl-31_f.xml, Burgeo, Newfoundland and Labrodor
http://meteo.gc.ca/rss/city/nl-2_f.xml, Campbellton, Newfoundland and Labrodor
http://meteo.gc.ca/rss/city/nl-28_f.xml, Cape Race, Newfoundland and Labrodor
http://meteo.gc.ca/rss/city/nl-32_f.xml, Cartwright, Newfoundland and Labrodor
http://meteo.gc.ca/rss/city/nl-47_f.xml, Cartwright Junction (Trans-Labrador Hwy), Newfoundland and Labrodor
http://meteo.gc.ca/rss/city/nl-17_f.xml, Channel-Port aux Basques, Newfoundland and Labrodor
http://meteo.gc.ca/rss/city/nl-21_f.xml, Churchill Falls, Newfoundland and Labrodor
http://meteo.gc.ca/rss/city/nl-1_f.xml, Clarenville, Newfoundland and Labrodor
http://meteo.gc.ca/rss/city/nl-41_f.xml, Corner Brook, Newfoundland and Labrodor
http://meteo.gc.ca/rss/city/nl-33_f.xml, Daniel's Harbour, Newfoundland and Labrodor
http://meteo.gc.ca/rss/city/nl-39_f.xml, Deer Lake, Newfoundland and Labrodor
http://meteo.gc.ca/rss/city/nl-44_f.xml, Englee, Newfoundland and Labrodor
http://meteo.gc.ca/rss/city/nl-16_f.xml, Gander, Newfoundland and Labrodor
http://meteo.gc.ca/rss/city/nl-5_f.xml, Grand Bank, Newfoundland and Labrodor
http://meteo.gc.ca/rss/city/nl-6_f.xml, Grand Falls-Windsor, Newfoundland and Labrodor
http://meteo.gc.ca/rss/city/nl-7_f.xml, Gros Morne, Newfoundland and Labrodor
http://meteo.gc.ca/rss/city/nl-48_f.xml, Gull Island Rapids (Trans-Labrador Hwy), Newfoundland and Labrodor
http://meteo.gc.ca/rss/city/nl-23_f.xml, Happy Valley-Goose Bay, Newfoundland and Labrodor
http://meteo.gc.ca/rss/city/nl-38_f.xml, Hopedale, Newfoundland and Labrodor
http://meteo.gc.ca/rss/city/nl-45_f.xml, L'Anse-au-Loup, Newfoundland and Labrodor
http://meteo.gc.ca/rss/city/nl-22_f.xml, La Scie, Newfoundland and Labrodor
http://meteo.gc.ca/rss/city/nl-20_f.xml, Labrador City, Newfoundland and Labrodor
http://meteo.gc.ca/rss/city/nl-9_f.xml, Lewisporte, Newfoundland and Labrodor
http://meteo.gc.ca/rss/city/nl-25_f.xml, Makkovik, Newfoundland and Labrodor
http://meteo.gc.ca/rss/city/nl-26_f.xml, Marble Mountain, Newfoundland and Labrodor
http://meteo.gc.ca/rss/city/nl-29_f.xml, Mary's Harbour, Newfoundland and Labrodor
http://meteo.gc.ca/rss/city/nl-3_f.xml, Marystown, Newfoundland and Labrodor
http://meteo.gc.ca/rss/city/nl-10_f.xml, Musgrave Harbour, Newfoundland and Labrodor
http://meteo.gc.ca/rss/city/nl-40_f.xml, Nain, Newfoundland and Labrodor
http://meteo.gc.ca/rss/city/nl-42_f.xml, New-Wes-Valley, Newfoundland and Labrodor
http://meteo.gc.ca/rss/city/nl-30_f.xml, Placentia, Newfoundland and Labrodor
http://meteo.gc.ca/rss/city/nl-11_f.xml, Port au Choix, Newfoundland and Labrodor
http://meteo.gc.ca/rss/city/nl-46_f.xml, Rigolet, Newfoundland and Labrodor
http://meteo.gc.ca/rss/city/nl-13_f.xml, Rocky Harbour, Newfoundland and Labrodor
http://meteo.gc.ca/rss/city/nl-8_f.xml, St. Alban's, Newfoundland and Labrodor
http://meteo.gc.ca/rss/city/nl-37_f.xml, St. Anthony, Newfoundland and Labrodor
http://meteo.gc.ca/rss/city/nl-24_f.xml, St. John's, Newfoundland and Labrodor
http://meteo.gc.ca/rss/city/nl-36_f.xml, St. Lawrence, Newfoundland and Labrodor
http://meteo.gc.ca/rss/city/nl-27_f.xml, Stephenville, Newfoundland and Labrodor
http://meteo.gc.ca/rss/city/nl-15_f.xml, Terra Nova (National Park), Newfoundland and Labrodor
http://meteo.gc.ca/rss/city/nl-35_f.xml, Twillingate, Newfoundland and Labrodor
http://meteo.gc.ca/rss/city/nl-12_f.xml, Wabush Lake, Newfoundland and Labrodor
http://meteo.gc.ca/rss/city/nl-19_f.xml, Winterland, Newfoundland and Labrodor
http://meteo.gc.ca/rss/city/nl-18_f.xml, Wreckhouse, Newfoundland and Labrodor
http://meteo.gc.ca/rss/city/ns-33_f.xml, Amherst, Nova Scotia
http://meteo.gc.ca/rss/city/ns-2_f.xml, Annapolis Royal, Nova Scotia
http://meteo.gc.ca/rss/city/ns-3_f.xml, Antigonish, Nova Scotia
http://meteo.gc.ca/rss/city/ns-37_f.xml, Baccaro Point, Nova Scotia
http://meteo.gc.ca/rss/city/ns-4_f.xml, Baddeck, Nova Scotia
http://meteo.gc.ca/rss/city/ns-36_f.xml, Beaver Island, Nova Scotia
http://meteo.gc.ca/rss/city/ns-5_f.xml, Bridgetown, Nova Scotia
http://meteo.gc.ca/rss/city/ns-6_f.xml, Bridgewater, Nova Scotia
http://meteo.gc.ca/rss/city/ns-27_f.xml, Brier Island, Nova Scotia
http://meteo.gc.ca/rss/city/ns-41_f.xml, Cape George, Nova Scotia
http://meteo.gc.ca/rss/city/ns-34_f.xml, Caribou, Nova Scotia
http://meteo.gc.ca/rss/city/ns-38_f.xml, Chéticamp, Nova Scotia
http://meteo.gc.ca/rss/city/ns-20_f.xml, Digby, Nova Scotia
http://meteo.gc.ca/rss/city/ns-7_f.xml, Economy, Nova Scotia
http://meteo.gc.ca/rss/city/ns-44_f.xml, Eskasoni, Nova Scotia
http://meteo.gc.ca/rss/city/ns-24_f.xml, Fourchu Head, Nova Scotia
http://meteo.gc.ca/rss/city/ns-32_f.xml, Grand Étang, Nova Scotia
http://meteo.gc.ca/rss/city/ns-35_f.xml, Greenwood, Nova Scotia
http://meteo.gc.ca/rss/city/ns-8_f.xml, Guysborough, Nova Scotia
http://meteo.gc.ca/rss/city/ns-19_f.xml, Halifax, Nova Scotia
http://meteo.gc.ca/rss/city/ns-40_f.xml, Halifax (Shearwater), Nova Scotia
http://meteo.gc.ca/rss/city/ns-23_f.xml, Hart Island, Nova Scotia
http://meteo.gc.ca/rss/city/ns-16_f.xml, Ingonish, Nova Scotia
http://meteo.gc.ca/rss/city/ns-42_f.xml, Kejimkujik (National Park), Nova Scotia
http://meteo.gc.ca/rss/city/ns-17_f.xml, Kentville, Nova Scotia
http://meteo.gc.ca/rss/city/ns-39_f.xml, Liverpool, Nova Scotia
http://meteo.gc.ca/rss/city/ns-21_f.xml, Lunenburg, Nova Scotia
http://meteo.gc.ca/rss/city/ns-22_f.xml, Malay Falls, Nova Scotia
http://meteo.gc.ca/rss/city/ns-1_f.xml, New Glasgow, Nova Scotia
http://meteo.gc.ca/rss/city/ns-18_f.xml, North East Margaree, Nova Scotia
http://meteo.gc.ca/rss/city/ns-43_f.xml, North Mountain (Cape Breton), Nova Scotia
http://meteo.gc.ca/rss/city/ns-13_f.xml, Parrsboro, Nova Scotia
http://meteo.gc.ca/rss/city/ns-26_f.xml, Port Hawkesbury, Nova Scotia
http://meteo.gc.ca/rss/city/ns-10_f.xml, Sheet Harbour, Nova Scotia
http://meteo.gc.ca/rss/city/ns-11_f.xml, Shelburne, Nova Scotia
http://meteo.gc.ca/rss/city/ns-12_f.xml, St. Peter's, Nova Scotia
http://meteo.gc.ca/rss/city/ns-31_f.xml, Sydney, Nova Scotia
http://meteo.gc.ca/rss/city/ns-14_f.xml, Tatamagouche, Nova Scotia
http://meteo.gc.ca/rss/city/ns-28_f.xml, Tracadie, Nova Scotia
http://meteo.gc.ca/rss/city/ns-25_f.xml, Truro, Nova Scotia
http://meteo.gc.ca/rss/city/ns-30_f.xml, Western Head, Nova Scotia
http://meteo.gc.ca/rss/city/ns-15_f.xml, Windsor, Nova Scotia
http://meteo.gc.ca/rss/city/ns-29_f.xml, Yarmouth, Nova Scotia
http://meteo.gc.ca/rss/city/nt-13_f.xml, Aklavik, Northwest Territories
http://meteo.gc.ca/rss/city/nt-26_f.xml, Colville Lake, Northwest Territories
http://meteo.gc.ca/rss/city/nt-22_f.xml, Deline, Northwest Territories
http://meteo.gc.ca/rss/city/nt-1_f.xml, Detah, Northwest Territories
http://meteo.gc.ca/rss/city/nt-14_f.xml, Ekati (Lac de Gras), Northwest Territories
http://meteo.gc.ca/rss/city/nt-2_f.xml, Enterprise, Northwest Territories
http://meteo.gc.ca/rss/city/nt-5_f.xml, Fort Good Hope, Northwest Territories
http://meteo.gc.ca/rss/city/nt-29_f.xml, Fort Liard, Northwest Territories
http://meteo.gc.ca/rss/city/nt-10_f.xml, Fort McPherson, Northwest Territories
http://meteo.gc.ca/rss/city/nt-27_f.xml, Fort Providence, Northwest Territories
http://meteo.gc.ca/rss/city/nt-3_f.xml, Fort Resolution, Northwest Territories
http://meteo.gc.ca/rss/city/nt-4_f.xml, Fort Simpson, Northwest Territories
http://meteo.gc.ca/rss/city/nt-17_f.xml, Fort Smith, Northwest Territories
http://meteo.gc.ca/rss/city/nt-18_f.xml, Gameti, Northwest Territories
http://meteo.gc.ca/rss/city/nt-8_f.xml, Hay River, Northwest Territories
http://meteo.gc.ca/rss/city/nt-28_f.xml, Indin River, Northwest Territories
http://meteo.gc.ca/rss/city/nt-30_f.xml, Inuvik, Northwest Territories
http://meteo.gc.ca/rss/city/nt-31_f.xml, Lutselke, Northwest Territories
http://meteo.gc.ca/rss/city/nt-12_f.xml, Nahanni Butte, Northwest Territories
http://meteo.gc.ca/rss/city/nt-21_f.xml, Norman Wells, Northwest Territories
http://meteo.gc.ca/rss/city/nt-16_f.xml, Paulatuk, Northwest Territories
http://meteo.gc.ca/rss/city/nt-19_f.xml, Sachs Harbour, Northwest Territories
http://meteo.gc.ca/rss/city/nt-15_f.xml, Trout Lake, Northwest Territories
http://meteo.gc.ca/rss/city/nt-20_f.xml, Tuktoyaktuk, Northwest Territories
http://meteo.gc.ca/rss/city/nt-11_f.xml, Tulita, Northwest Territories
http://meteo.gc.ca/rss/city/nt-7_f.xml, Ulukhaktok, Northwest Territories
http://meteo.gc.ca/rss/city/nt-9_f.xml, Wekweeti, Northwest Territories
http://meteo.gc.ca/rss/city/nt-6_f.xml, Whati, Northwest Territories
http://meteo.gc.ca/rss/city/nt-23_f.xml, Wrigley, Northwest Territories
http://meteo.gc.ca/rss/city/nt-24_f.xml, Yellowknife, Northwest Territories
http://meteo.gc.ca/rss/city/nu-22_f.xml, Alert, Nunavut
http://meteo.gc.ca/rss/city/nu-10_f.xml, Arctic Bay, Nunavut
http://meteo.gc.ca/rss/city/nu-20_f.xml, Arviat, Nunavut
http://meteo.gc.ca/rss/city/nu-14_f.xml, Baker Lake, Nunavut
http://meteo.gc.ca/rss/city/nu-15_f.xml, Cambridge Bay, Nunavut
http://meteo.gc.ca/rss/city/nu-2_f.xml, Cape Dorset, Nunavut
http://meteo.gc.ca/rss/city/nu-17_f.xml, Chesterfield, Nunavut
http://meteo.gc.ca/rss/city/nu-18_f.xml, Clyde River, Nunavut
http://meteo.gc.ca/rss/city/nu-9_f.xml, Coral Harbour, Nunavut
http://meteo.gc.ca/rss/city/nu-19_f.xml, Ennadai, Nunavut
http://meteo.gc.ca/rss/city/nu-11_f.xml, Eureka, Nunavut
http://meteo.gc.ca/rss/city/nu-24_f.xml, Gjoa Haven, Nunavut
http://meteo.gc.ca/rss/city/nu-12_f.xml, Grise Fiord, Nunavut
http://meteo.gc.ca/rss/city/nu-4_f.xml, Hall Beach, Nunavut
http://meteo.gc.ca/rss/city/nu-23_f.xml, Igloolik, Nunavut
http://meteo.gc.ca/rss/city/nu-21_f.xml, Iqaluit, Nunavut
http://meteo.gc.ca/rss/city/nu-26_f.xml, Kimmirut, Nunavut
http://meteo.gc.ca/rss/city/nu-13_f.xml, Kugaaruk, Nunavut
http://meteo.gc.ca/rss/city/nu-16_f.xml, Kugluktuk, Nunavut
http://meteo.gc.ca/rss/city/nu-1_f.xml, Nanisivik, Nunavut
http://meteo.gc.ca/rss/city/nu-3_f.xml, Naujaat, Nunavut
http://meteo.gc.ca/rss/city/nu-7_f.xml, Pangnirtung, Nunavut
http://meteo.gc.ca/rss/city/nu-25_f.xml, Pond Inlet, Nunavut
http://meteo.gc.ca/rss/city/nu-5_f.xml, Qikiqtarjuaq, Nunavut
http://meteo.gc.ca/rss/city/nu-28_f.xml, Rankin Inlet, Nunavut
http://meteo.gc.ca/rss/city/nu-27_f.xml, Resolute, Nunavut
http://meteo.gc.ca/rss/city/nu-29_f.xml, Sanikiluaq, Nunavut
http://meteo.gc.ca/rss/city/nu-8_f.xml, Taloyoak, Nunavut
http://meteo.gc.ca/rss/city/nu-6_f.xml, Whale Cove, Nunavut
http://meteo.gc.ca/rss/city/on-122_f.xml, Alexandria, Ontario
http://meteo.gc.ca/rss/city/on-1_f.xml, Algonquin Park (Brent), Ontario
http://meteo.gc.ca/rss/city/on-29_f.xml, Algonquin Park (Lake of Two Rivers), Ontario
http://meteo.gc.ca/rss/city/on-114_f.xml, Alliston, Ontario
http://meteo.gc.ca/rss/city/on-30_f.xml, Apsley, Ontario
http://meteo.gc.ca/rss/city/on-111_f.xml, Armstrong, Ontario
http://meteo.gc.ca/rss/city/on-148_f.xml, Atikokan, Ontario
http://meteo.gc.ca/rss/city/on-164_f.xml, Attawapiskat, Ontario
http://meteo.gc.ca/rss/city/on-102_f.xml, Bancroft, Ontario
http://meteo.gc.ca/rss/city/on-151_f.xml, Barrie, Ontario
http://meteo.gc.ca/rss/city/on-133_f.xml, Barry's Bay, Ontario
http://meteo.gc.ca/rss/city/on-3_f.xml, Belleville, Ontario
http://meteo.gc.ca/rss/city/on-124_f.xml, Big Trout Lake, Ontario
http://meteo.gc.ca/rss/city/on-21_f.xml, Blind River, Ontario
http://meteo.gc.ca/rss/city/on-9_f.xml, Bracebridge, Ontario
http://meteo.gc.ca/rss/city/on-4_f.xml, Brampton, Ontario
http://meteo.gc.ca/rss/city/on-86_f.xml, Brantford, Ontario
http://meteo.gc.ca/rss/city/on-8_f.xml, Brockville, Ontario
http://meteo.gc.ca/rss/city/on-31_f.xml, Burk's Falls, Ontario
http://meteo.gc.ca/rss/city/on-95_f.xml, Burlington, Ontario
http://meteo.gc.ca/rss/city/on-32_f.xml, Caledon, Ontario
http://meteo.gc.ca/rss/city/on-81_f.xml, Cambridge, Ontario
http://meteo.gc.ca/rss/city/on-91_f.xml, Chapleau, Ontario
http://meteo.gc.ca/rss/city/on-11_f.xml, Chatham-Kent, Ontario
http://meteo.gc.ca/rss/city/on-75_f.xml, Cobourg, Ontario
http://meteo.gc.ca/rss/city/on-33_f.xml, Cochrane, Ontario
http://meteo.gc.ca/rss/city/on-150_f.xml, Collingwood, Ontario
http://meteo.gc.ca/rss/city/on-152_f.xml, Cornwall, Ontario
http://meteo.gc.ca/rss/city/on-83_f.xml, Deep River, Ontario
http://meteo.gc.ca/rss/city/on-34_f.xml, Dorion, Ontario
http://meteo.gc.ca/rss/city/on-72_f.xml, Dryden, Ontario
http://meteo.gc.ca/rss/city/on-35_f.xml, Dunchurch, Ontario
http://meteo.gc.ca/rss/city/on-36_f.xml, Dundalk, Ontario
http://meteo.gc.ca/rss/city/on-167_f.xml, Ear Falls, Ontario
http://meteo.gc.ca/rss/city/on-136_f.xml, Earlton, Ontario
http://meteo.gc.ca/rss/city/on-170_f.xml, Elliot Lake, Ontario
http://meteo.gc.ca/rss/city/on-173_f.xml, Fort Albany, Ontario
http://meteo.gc.ca/rss/city/on-12_f.xml, Fort Erie, Ontario
http://meteo.gc.ca/rss/city/on-159_f.xml, Fort Frances, Ontario
http://meteo.gc.ca/rss/city/on-171_f.xml, Fort Severn, Ontario
http://meteo.gc.ca/rss/city/on-90_f.xml, Gananoque, Ontario
http://meteo.gc.ca/rss/city/on-160_f.xml, Goderich, Ontario
http://meteo.gc.ca/rss/city/on-37_f.xml, Gogama, Ontario
http://meteo.gc.ca/rss/city/on-144_f.xml, Gore Bay, Ontario
http://meteo.gc.ca/rss/city/on-38_f.xml, Gravenhurst, Ontario
http://meteo.gc.ca/rss/city/on-39_f.xml, Greater Napanee, Ontario
http://meteo.gc.ca/rss/city/on-40_f.xml, Greater Sudbury, Ontario
http://meteo.gc.ca/rss/city/on-153_f.xml, Greenstone (Beardmore), Ontario
http://meteo.gc.ca/rss/city/on-70_f.xml, Greenstone (Geraldton), Ontario
http://meteo.gc.ca/rss/city/on-97_f.xml, Greenstone (Nakina), Ontario
http://meteo.gc.ca/rss/city/on-5_f.xml, Guelph, Ontario
http://meteo.gc.ca/rss/city/on-41_f.xml, Gull Bay, Ontario
http://meteo.gc.ca/rss/city/on-42_f.xml, Haldimand County, Ontario
http://meteo.gc.ca/rss/city/on-165_f.xml, Haliburton, Ontario
http://meteo.gc.ca/rss/city/on-68_f.xml, Halton Hills, Ontario
http://meteo.gc.ca/rss/city/on-77_f.xml, Hamilton, Ontario
http://meteo.gc.ca/rss/city/on-71_f.xml, Hawkesbury, Ontario
http://meteo.gc.ca/rss/city/on-73_f.xml, Hearst, Ontario
http://meteo.gc.ca/rss/city/on-78_f.xml, Hornepayne, Ontario
http://meteo.gc.ca/rss/city/on-88_f.xml, Huntsville, Ontario
http://meteo.gc.ca/rss/city/on-156_f.xml, Ignace, Ontario
http://meteo.gc.ca/rss/city/on-145_f.xml, Kakabeka Falls, Ontario
http://meteo.gc.ca/rss/city/on-43_f.xml, Kaladar, Ontario
http://meteo.gc.ca/rss/city/on-142_f.xml, Kapuskasing, Ontario
http://meteo.gc.ca/rss/city/on-44_f.xml, Kawartha Lakes (Fenelon Falls), Ontario
http://meteo.gc.ca/rss/city/on-168_f.xml, Kawartha Lakes (Lindsay), Ontario
http://meteo.gc.ca/rss/city/on-74_f.xml, Kemptville, Ontario
http://meteo.gc.ca/rss/city/on-96_f.xml, Kenora, Ontario
http://meteo.gc.ca/rss/city/on-146_f.xml, Killarney, Ontario
http://meteo.gc.ca/rss/city/on-28_f.xml, Kincardine, Ontario
http://meteo.gc.ca/rss/city/on-69_f.xml, Kingston, Ontario
http://meteo.gc.ca/rss/city/on-76_f.xml, Kirkland Lake, Ontario
http://meteo.gc.ca/rss/city/on-82_f.xml, Kitchener-Waterloo, Ontario
http://meteo.gc.ca/rss/city/on-45_f.xml, Lake Superior (Provincial Park), Ontario
http://meteo.gc.ca/rss/city/on-46_f.xml, Lambton Shores, Ontario
http://meteo.gc.ca/rss/city/on-87_f.xml, Lansdowne House, Ontario
http://meteo.gc.ca/rss/city/on-23_f.xml, Leamington, Ontario
http://meteo.gc.ca/rss/city/on-47_f.xml, Lincoln, Ontario
http://meteo.gc.ca/rss/city/on-137_f.xml, London, Ontario
http://meteo.gc.ca/rss/city/on-108_f.xml, Marathon, Ontario
http://meteo.gc.ca/rss/city/on-85_f.xml, Markham, Ontario
http://meteo.gc.ca/rss/city/on-169_f.xml, Midland, Ontario
http://meteo.gc.ca/rss/city/on-48_f.xml, Mine Centre, Ontario
http://meteo.gc.ca/rss/city/on-24_f.xml, Mississauga, Ontario
http://meteo.gc.ca/rss/city/on-163_f.xml, Montreal River Harbour, Ontario
http://meteo.gc.ca/rss/city/on-113_f.xml, Moosonee, Ontario
http://meteo.gc.ca/rss/city/on-92_f.xml, Morrisburg, Ontario
http://meteo.gc.ca/rss/city/on-89_f.xml, Mount Forest, Ontario
http://meteo.gc.ca/rss/city/on-93_f.xml, Muskoka, Ontario
http://meteo.gc.ca/rss/city/on-49_f.xml, New Tecumseth, Ontario
http://meteo.gc.ca/rss/city/on-25_f.xml, Newmarket, Ontario
http://meteo.gc.ca/rss/city/on-125_f.xml, Niagara Falls, Ontario
http://meteo.gc.ca/rss/city/on-26_f.xml, Nipigon, Ontario
http://meteo.gc.ca/rss/city/on-50_f.xml, Norfolk, Ontario
http://meteo.gc.ca/rss/city/on-139_f.xml, North Bay, Ontario
http://meteo.gc.ca/rss/city/on-51_f.xml, North Perth, Ontario
http://meteo.gc.ca/rss/city/on-79_f.xml, Oakville, Ontario
http://meteo.gc.ca/rss/city/on-101_f.xml, Ogoki, Ontario
http://meteo.gc.ca/rss/city/on-140_f.xml, Orangeville, Ontario
http://meteo.gc.ca/rss/city/on-13_f.xml, Orillia, Ontario
http://meteo.gc.ca/rss/city/on-117_f.xml, Oshawa, Ontario
http://meteo.gc.ca/rss/city/on-118_f.xml, Ottawa (Kanata - Orléans), Ontario
http://meteo.gc.ca/rss/city/on-52_f.xml, Ottawa (Richmond - Metcalfe), Ontario
http://meteo.gc.ca/rss/city/on-7_f.xml, Owen Sound, Ontario
http://meteo.gc.ca/rss/city/on-53_f.xml, Oxtongue Lake, Ontario
http://meteo.gc.ca/rss/city/on-103_f.xml, Parry Sound, Ontario
http://meteo.gc.ca/rss/city/on-99_f.xml, Peawanuck, Ontario
http://meteo.gc.ca/rss/city/on-131_f.xml, Pembroke, Ontario
http://meteo.gc.ca/rss/city/on-112_f.xml, Petawawa, Ontario
http://meteo.gc.ca/rss/city/on-121_f.xml, Peterborough, Ontario
http://meteo.gc.ca/rss/city/on-54_f.xml, Pickering, Ontario
http://meteo.gc.ca/rss/city/on-120_f.xml, Pickle Lake, Ontario
http://meteo.gc.ca/rss/city/on-55_f.xml, Pikangikum, Ontario
http://meteo.gc.ca/rss/city/on-56_f.xml, Port Carling, Ontario
http://meteo.gc.ca/rss/city/on-80_f.xml, Port Colborne, Ontario
http://meteo.gc.ca/rss/city/on-19_f.xml, Port Elgin, Ontario
http://meteo.gc.ca/rss/city/on-149_f.xml, Port Perry, Ontario
http://meteo.gc.ca/rss/city/on-27_f.xml, Prince Edward (Picton), Ontario
http://meteo.gc.ca/rss/city/on-57_f.xml, Quinte West, Ontario
http://meteo.gc.ca/rss/city/on-104_f.xml, Red Lake, Ontario
http://meteo.gc.ca/rss/city/on-58_f.xml, Renfrew, Ontario
http://meteo.gc.ca/rss/city/on-59_f.xml, Richmond Hill, Ontario
http://meteo.gc.ca/rss/city/on-172_f.xml, Rodney, Ontario
http://meteo.gc.ca/rss/city/on-141_f.xml, Rondeau (Provincial Park), Ontario
http://meteo.gc.ca/rss/city/on-105_f.xml, Sachigo Lake, Ontario
http://meteo.gc.ca/rss/city/on-129_f.xml, Sandy Lake, Ontario
http://meteo.gc.ca/rss/city/on-147_f.xml, Sarnia, Ontario
http://meteo.gc.ca/rss/city/on-60_f.xml, Saugeen Shores, Ontario
http://meteo.gc.ca/rss/city/on-162_f.xml, Sault Ste. Marie, Ontario
http://meteo.gc.ca/rss/city/on-134_f.xml, Savant Lake, Ontario
http://meteo.gc.ca/rss/city/on-61_f.xml, Sharbot Lake, Ontario
http://meteo.gc.ca/rss/city/on-84_f.xml, Shelburne, Ontario
http://meteo.gc.ca/rss/city/on-161_f.xml, Simcoe, Ontario
http://meteo.gc.ca/rss/city/on-135_f.xml, Sioux Lookout, Ontario
http://meteo.gc.ca/rss/city/on-166_f.xml, Sioux Narrows, Ontario
http://meteo.gc.ca/rss/city/on-106_f.xml, Smiths Falls, Ontario
http://meteo.gc.ca/rss/city/on-62_f.xml, South Bruce Peninsula, Ontario
http://meteo.gc.ca/rss/city/on-107_f.xml, St. Catharines, Ontario
http://meteo.gc.ca/rss/city/on-98_f.xml, St. Thomas, Ontario
http://meteo.gc.ca/rss/city/on-115_f.xml, Stirling, Ontario
http://meteo.gc.ca/rss/city/on-116_f.xml, Stratford, Ontario
http://meteo.gc.ca/rss/city/on-18_f.xml, Strathroy, Ontario
http://meteo.gc.ca/rss/city/on-174_f.xml, Sudbury (Greater), Ontario
http://meteo.gc.ca/rss/city/on-63_f.xml, Sydenham, Ontario
http://meteo.gc.ca/rss/city/on-22_f.xml, Temiskaming Shores, Ontario
http://meteo.gc.ca/rss/city/on-123_f.xml, Terrace Bay, Ontario
http://meteo.gc.ca/rss/city/on-100_f.xml, Thunder Bay, Ontario
http://meteo.gc.ca/rss/city/on-17_f.xml, Tillsonburg, Ontario
http://meteo.gc.ca/rss/city/on-127_f.xml, Timmins, Ontario
http://meteo.gc.ca/rss/city/on-157_f.xml, Tobermory, Ontario
http://meteo.gc.ca/rss/city/on-143_f.xml, Toronto, Ontario
http://meteo.gc.ca/rss/city/on-128_f.xml, Toronto Island, Ontario
http://meteo.gc.ca/rss/city/on-126_f.xml, Trenton, Ontario
http://meteo.gc.ca/rss/city/on-154_f.xml, Upsala, Ontario
http://meteo.gc.ca/rss/city/on-64_f.xml, Vaughan, Ontario
http://meteo.gc.ca/rss/city/on-109_f.xml, Vineland, Ontario
http://meteo.gc.ca/rss/city/on-16_f.xml, Walkerton, Ontario
http://meteo.gc.ca/rss/city/on-138_f.xml, Wawa, Ontario
http://meteo.gc.ca/rss/city/on-132_f.xml, Webequie, Ontario
http://meteo.gc.ca/rss/city/on-14_f.xml, Welland, Ontario
http://meteo.gc.ca/rss/city/on-65_f.xml, West Nipissing, Ontario
http://meteo.gc.ca/rss/city/on-66_f.xml, Westport, Ontario
http://meteo.gc.ca/rss/city/on-119_f.xml, Whitby, Ontario
http://meteo.gc.ca/rss/city/on-67_f.xml, White River, Ontario
http://meteo.gc.ca/rss/city/on-130_f.xml, Wiarton, Ontario
http://meteo.gc.ca/rss/city/on-155_f.xml, Winchester, Ontario
http://meteo.gc.ca/rss/city/on-94_f.xml, Windsor, Ontario
http://meteo.gc.ca/rss/city/on-110_f.xml, Wingham, Ontario
http://meteo.gc.ca/rss/city/on-15_f.xml, Woodstock, Ontario
http://meteo.gc.ca/rss/city/on-158_f.xml, Wunnummin Lake, Ontario
http://meteo.gc.ca/rss/city/pe-5_f.xml, Charlottetown, Prince Edward Island
http://meteo.gc.ca/rss/city/pe-6_f.xml, East Point, Prince Edward Island
http://meteo.gc.ca/rss/city/pe-2_f.xml, Maple Plains, Prince Edward Island
http://meteo.gc.ca/rss/city/pe-1_f.xml, North Cape, Prince Edward Island
http://meteo.gc.ca/rss/city/pe-4_f.xml, St. Peters Bay, Prince Edward Island
http://meteo.gc.ca/rss/city/pe-3_f.xml, Summerside, Prince Edward Island
http://meteo.gc.ca/rss/city/qc-36_f.xml, Akulivik, Quebec
http://meteo.gc.ca/rss/city/qc-144_f.xml, Alma, Quebec
http://meteo.gc.ca/rss/city/qc-168_f.xml, Amos, Quebec
http://meteo.gc.ca/rss/city/qc-146_f.xml, Amqui, Quebec
http://meteo.gc.ca/rss/city/qc-38_f.xml, Asbestos, Quebec
http://meteo.gc.ca/rss/city/qc-117_f.xml, Aupaluk, Quebec
http://meteo.gc.ca/rss/city/qc-161_f.xml, Bagotville, Quebec
http://meteo.gc.ca/rss/city/qc-160_f.xml, Baie-Comeau, Quebec
http://meteo.gc.ca/rss/city/qc-69_f.xml, Baie-James, Quebec
http://meteo.gc.ca/rss/city/qc-165_f.xml, Baie-Saint-Paul, Quebec
http://meteo.gc.ca/rss/city/qc-48_f.xml, Beauceville, Quebec
http://meteo.gc.ca/rss/city/qc-49_f.xml, Beauharnois, Quebec
http://meteo.gc.ca/rss/city/qc-50_f.xml, Bécancour, Quebec
http://meteo.gc.ca/rss/city/qc-51_f.xml, Bernières, Quebec
http://meteo.gc.ca/rss/city/qc-25_f.xml, Berthierville, Quebec
http://meteo.gc.ca/rss/city/qc-52_f.xml, Blainville, Quebec
http://meteo.gc.ca/rss/city/qc-163_f.xml, Blanc-Sablon, Quebec
http://meteo.gc.ca/rss/city/qc-53_f.xml, Boisbriand, Quebec
http://meteo.gc.ca/rss/city/qc-54_f.xml, Bonaventure, Quebec
http://meteo.gc.ca/rss/city/qc-55_f.xml, Candiac, Quebec
http://meteo.gc.ca/rss/city/qc-120_f.xml, Cap Chat, Quebec
http://meteo.gc.ca/rss/city/qc-56_f.xml, Carignan, Quebec
http://meteo.gc.ca/rss/city/qc-57_f.xml, Carleton-sur-Mer, Quebec
http://meteo.gc.ca/rss/city/qc-58_f.xml, Chambly, Quebec
http://meteo.gc.ca/rss/city/qc-d4_f.xml, Chandler, Quebec
http://meteo.gc.ca/rss/city/qc-119_f.xml, Charlevoix, Quebec
http://meteo.gc.ca/rss/city/qc-59_f.xml, Chelsea, Quebec
http://meteo.gc.ca/rss/city/qc-152_f.xml, Chevery, Quebec
http://meteo.gc.ca/rss/city/qc-121_f.xml, Chibougamau, Quebec
http://meteo.gc.ca/rss/city/qc-60_f.xml, Coaticook, Quebec
http://meteo.gc.ca/rss/city/qc-46_f.xml, Contrecoeur, Quebec
http://meteo.gc.ca/rss/city/qc-61_f.xml, Cowansville, Quebec
http://meteo.gc.ca/rss/city/qc-62_f.xml, Delson, Quebec
http://meteo.gc.ca/rss/city/qc-63_f.xml, Deux-Montagnes, Quebec
http://meteo.gc.ca/rss/city/qc-64_f.xml, Dolbeau-Mistassini, Quebec
http://meteo.gc.ca/rss/city/qc-65_f.xml, Donnacona, Quebec
http://meteo.gc.ca/rss/city/qc-2_f.xml, Drummondville, Quebec
http://meteo.gc.ca/rss/city/qc-26_f.xml, Escoumins, Quebec
http://meteo.gc.ca/rss/city/qc-140_f.xml, Farnham, Quebec
http://meteo.gc.ca/rss/city/qc-29_f.xml, Fermont, Quebec
http://meteo.gc.ca/rss/city/qc-27_f.xml, Forestville, Quebec
http://meteo.gc.ca/rss/city/qc-67_f.xml, Forillon, Quebec
http://meteo.gc.ca/rss/city/qc-95_f.xml, Forillon (National Park), Quebec
http://meteo.gc.ca/rss/city/qc-101_f.xml, Gaspé, Quebec
http://meteo.gc.ca/rss/city/qc-94_f.xml, Gaspésie (Parc national), Quebec
http://meteo.gc.ca/rss/city/qc-126_f.xml, Gatineau, Quebec
http://meteo.gc.ca/rss/city/qc-a1_f.xml, Gouin (Réservoir), Quebec
http://meteo.gc.ca/rss/city/qc-5_f.xml, Granby, Quebec
http://meteo.gc.ca/rss/city/qc-169_f.xml, Grande-Vallée, Quebec
http://meteo.gc.ca/rss/city/qc-104_f.xml, Havre St-Pierre, Quebec
http://meteo.gc.ca/rss/city/qc-68_f.xml, Huntingdon, Quebec
http://meteo.gc.ca/rss/city/qc-103_f.xml, Îles-de-la-Madeleine, Quebec
http://meteo.gc.ca/rss/city/qc-131_f.xml, Inukjuak, Quebec
http://meteo.gc.ca/rss/city/qc-112_f.xml, Ivujivik, Quebec
http://meteo.gc.ca/rss/city/qc-137_f.xml, Joliette, Quebec
http://meteo.gc.ca/rss/city/qc-70_f.xml, Kamouraska, Quebec
http://meteo.gc.ca/rss/city/qc-118_f.xml, Kangiqsualujjuaq, Quebec
http://meteo.gc.ca/rss/city/qc-155_f.xml, Kangiqsujuaq, Quebec
http://meteo.gc.ca/rss/city/qc-159_f.xml, Kangirsuk, Quebec
http://meteo.gc.ca/rss/city/qc-150_f.xml, Kuujjuaq, Quebec
http://meteo.gc.ca/rss/city/qc-105_f.xml, Kuujjuarapik, Quebec
http://meteo.gc.ca/rss/city/qc-156_f.xml, L'Assomption, Quebec
http://meteo.gc.ca/rss/city/qc-77_f.xml, L'Islet, Quebec
http://meteo.gc.ca/rss/city/qc-158_f.xml, La Grande Rivière, Quebec
http://meteo.gc.ca/rss/city/qc-100_f.xml, La Grande-Quatre, Quebec
http://meteo.gc.ca/rss/city/qc-11_f.xml, La Malbaie, Quebec
http://meteo.gc.ca/rss/city/qc-71_f.xml, La Prairie, Quebec
http://meteo.gc.ca/rss/city/qc-45_f.xml, La Sarre, Quebec
http://meteo.gc.ca/rss/city/qc-154_f.xml, La Tuque, Quebec
http://meteo.gc.ca/rss/city/qc-30_f.xml, La Vérendrye (Réserve faunique), Quebec
http://meteo.gc.ca/rss/city/qc-99_f.xml, Lac Raglan, Quebec
http://meteo.gc.ca/rss/city/qc-72_f.xml, Lac-Mégantic, Quebec
http://meteo.gc.ca/rss/city/qc-73_f.xml, Lac-Saint-Jean, Quebec
http://meteo.gc.ca/rss/city/qc-14_f.xml, Lachute, Quebec
http://meteo.gc.ca/rss/city/qc-74_f.xml, Lanaudière, Quebec
http://meteo.gc.ca/rss/city/qc-113_f.xml, Laurentides (Réserve faunique), Quebec
http://meteo.gc.ca/rss/city/qc-76_f.xml, Laval, Quebec
http://meteo.gc.ca/rss/city/qc-d3_f.xml, Le Gardeur, Quebec
http://meteo.gc.ca/rss/city/qc-78_f.xml, Lévis, Quebec
http://meteo.gc.ca/rss/city/qc-109_f.xml, Longueuil, Quebec
http://meteo.gc.ca/rss/city/qc-81_f.xml, Lorraine, Quebec
http://meteo.gc.ca/rss/city/qc-d2_f.xml, Louiseville, Quebec
http://meteo.gc.ca/rss/city/qc-83_f.xml, Magog, Quebec
http://meteo.gc.ca/rss/city/qc-153_f.xml, Manicouagan, Quebec
http://meteo.gc.ca/rss/city/qc-102_f.xml, Maniwaki, Quebec
http://meteo.gc.ca/rss/city/qc-84_f.xml, Marieville, Quebec
http://meteo.gc.ca/rss/city/qc-85_f.xml, Mascouche, Quebec
http://meteo.gc.ca/rss/city/qc-129_f.xml, Matagami, Quebec
http://meteo.gc.ca/rss/city/qc-15_f.xml, Matane, Quebec
http://meteo.gc.ca/rss/city/qc-151_f.xml, Matapedia, Quebec
http://meteo.gc.ca/rss/city/qc-89_f.xml, Mauricie, Quebec
http://meteo.gc.ca/rss/city/qc-90_f.xml, Mingan, Quebec
http://meteo.gc.ca/rss/city/qc-123_f.xml, Mirabel, Quebec
http://meteo.gc.ca/rss/city/qc-92_f.xml, Mont Saint-Hilaire, Quebec
http://meteo.gc.ca/rss/city/qc-127_f.xml, Mont-Joli, Quebec
http://meteo.gc.ca/rss/city/qc-47_f.xml, Mont-Laurier, Quebec
http://meteo.gc.ca/rss/city/qc-167_f.xml, Mont-Tremblant, Quebec
http://meteo.gc.ca/rss/city/qc-124_f.xml, Montmagny, Quebec
http://meteo.gc.ca/rss/city/qc-147_f.xml, Montréal, Quebec
http://meteo.gc.ca/rss/city/qc-16_f.xml, Murdochville, Quebec
http://meteo.gc.ca/rss/city/qc-125_f.xml, Natashquan, Quebec
http://meteo.gc.ca/rss/city/qc-111_f.xml, New Carlisle, Quebec
http://meteo.gc.ca/rss/city/qc-110_f.xml, Nicolet, Quebec
http://meteo.gc.ca/rss/city/qc-93_f.xml, Otterburn Park, Quebec
http://meteo.gc.ca/rss/city/qc-17_f.xml, Papineau, Quebec
http://meteo.gc.ca/rss/city/qc-114_f.xml, Parent, Quebec
http://meteo.gc.ca/rss/city/qc-18_f.xml, Percé, Quebec
http://meteo.gc.ca/rss/city/qc-96_f.xml, Pincourt, Quebec
http://meteo.gc.ca/rss/city/qc-20_f.xml, Pointe-à-la-Croix, Quebec
http://meteo.gc.ca/rss/city/qc-19_f.xml, Pontiac, Quebec
http://meteo.gc.ca/rss/city/qc-97_f.xml, Port-Cartier, Quebec
http://meteo.gc.ca/rss/city/qc-142_f.xml, Port-Menier, Quebec
http://meteo.gc.ca/rss/city/qc-98_f.xml, Prévost, Quebec
http://meteo.gc.ca/rss/city/qc-40_f.xml, Puvirnituq, Quebec
http://meteo.gc.ca/rss/city/qc-106_f.xml, Quaqtaq, Quebec
http://meteo.gc.ca/rss/city/qc-133_f.xml, Québec, Quebec
http://meteo.gc.ca/rss/city/qc-a0_f.xml, Repentigny, Quebec
http://meteo.gc.ca/rss/city/qc-21_f.xml, Richelieu, Quebec
http://meteo.gc.ca/rss/city/qc-a2_f.xml, Rigaud, Quebec
http://meteo.gc.ca/rss/city/qc-138_f.xml, Rimouski, Quebec
http://meteo.gc.ca/rss/city/qc-108_f.xml, Rivière-du-Loup, Quebec
http://meteo.gc.ca/rss/city/qc-134_f.xml, Roberval, Quebec
http://meteo.gc.ca/rss/city/qc-a3_f.xml, Rosemère, Quebec
http://meteo.gc.ca/rss/city/qc-148_f.xml, Rouyn-Noranda, Quebec
http://meteo.gc.ca/rss/city/qc-166_f.xml, Saguenay, Quebec
http://meteo.gc.ca/rss/city/qc-a5_f.xml, Saint-Amable, Quebec
http://meteo.gc.ca/rss/city/qc-a6_f.xml, Saint-Basile Le Grand, Quebec
http://meteo.gc.ca/rss/city/qc-a7_f.xml, Saint-Constant, Quebec
http://meteo.gc.ca/rss/city/qc-b4_f.xml, Saint-Eustache, Quebec
http://meteo.gc.ca/rss/city/qc-b5_f.xml, Saint-Félicien, Quebec
http://meteo.gc.ca/rss/city/qc-b6_f.xml, Saint-Georges, Quebec
http://meteo.gc.ca/rss/city/qc-22_f.xml, Saint-Hyacinthe, Quebec
http://meteo.gc.ca/rss/city/qc-28_f.xml, Saint-Jean-sur-Richelieu, Quebec
http://meteo.gc.ca/rss/city/qc-13_f.xml, Saint-Jérôme, Quebec
http://meteo.gc.ca/rss/city/qc-b7_f.xml, Saint-Lazare, Quebec
http://meteo.gc.ca/rss/city/qc-b8_f.xml, Saint-Lin-Laurentides, Quebec
http://meteo.gc.ca/rss/city/qc-b9_f.xml, Saint-Luc, Quebec
http://meteo.gc.ca/rss/city/qc-c0_f.xml, Saint-Michel-des-Saints, Quebec
http://meteo.gc.ca/rss/city/qc-c1_f.xml, Saint-Nicéphore, Quebec
http://meteo.gc.ca/rss/city/qc-c2_f.xml, Saint-Rémi, Quebec
http://meteo.gc.ca/rss/city/qc-c3_f.xml, Saint-Sauveur, Quebec
http://meteo.gc.ca/rss/city/qc-c4_f.xml, Saint-Timothée, Quebec
http://meteo.gc.ca/rss/city/qc-33_f.xml, Sainte-Agathe, Quebec
http://meteo.gc.ca/rss/city/qc-a8_f.xml, Sainte-Anne-Des-Monts, Quebec
http://meteo.gc.ca/rss/city/qc-a9_f.xml, Sainte-Anne-Des-Plaines, Quebec
http://meteo.gc.ca/rss/city/qc-b0_f.xml, Sainte-Catherine, Quebec
http://meteo.gc.ca/rss/city/qc-b1_f.xml, Sainte-Julie, Quebec
http://meteo.gc.ca/rss/city/qc-b2_f.xml, Sainte-Sophie, Quebec
http://meteo.gc.ca/rss/city/qc-b3_f.xml, Sainte-Thérèse, Quebec
http://meteo.gc.ca/rss/city/qc-143_f.xml, Salaberry-de-Valleyfield, Quebec
http://meteo.gc.ca/rss/city/qc-128_f.xml, Salluit, Quebec
http://meteo.gc.ca/rss/city/qc-115_f.xml, Schefferville, Quebec
http://meteo.gc.ca/rss/city/qc-141_f.xml, Sept-Îles, Quebec
http://meteo.gc.ca/rss/city/qc-132_f.xml, Shawinigan, Quebec
http://meteo.gc.ca/rss/city/qc-136_f.xml, Sherbrooke, Quebec
http://meteo.gc.ca/rss/city/qc-c6_f.xml, Sorel-Tracy, Quebec
http://meteo.gc.ca/rss/city/qc-135_f.xml, Sutton, Quebec
http://meteo.gc.ca/rss/city/qc-107_f.xml, Tadoussac, Quebec
http://meteo.gc.ca/rss/city/qc-145_f.xml, Tasiujaq, Quebec
http://meteo.gc.ca/rss/city/qc-139_f.xml, Témiscamingue, Quebec
http://meteo.gc.ca/rss/city/qc-35_f.xml, Temiscouata, Quebec
http://meteo.gc.ca/rss/city/qc-c7_f.xml, Terrebonne, Quebec
http://meteo.gc.ca/rss/city/qc-c8_f.xml, Thetford Mines, Quebec
http://meteo.gc.ca/rss/city/qc-c9_f.xml, Tracy, Quebec
http://meteo.gc.ca/rss/city/qc-24_f.xml, Trois-Pistoles, Quebec
http://meteo.gc.ca/rss/city/qc-130_f.xml, Trois-Rivières, Quebec
http://meteo.gc.ca/rss/city/qc-122_f.xml, Umiujaq, Quebec
http://meteo.gc.ca/rss/city/qc-149_f.xml, Val-d'Or, Quebec
http://meteo.gc.ca/rss/city/qc-42_f.xml, Val-des-Monts, Quebec
http://meteo.gc.ca/rss/city/qc-d0_f.xml, Vallée de la Matapédia, Quebec
http://meteo.gc.ca/rss/city/qc-41_f.xml, Vanier, Quebec
http://meteo.gc.ca/rss/city/qc-162_f.xml, Varennes, Quebec
http://meteo.gc.ca/rss/city/qc-66_f.xml, Vaudreuil-Dorion, Quebec
http://meteo.gc.ca/rss/city/qc-157_f.xml, Victoriaville, Quebec
http://meteo.gc.ca/rss/city/qc-116_f.xml, Waskaganish, Quebec
http://meteo.gc.ca/rss/city/sk-51_f.xml, Assiniboia, Saskatchewan
http://meteo.gc.ca/rss/city/sk-2_f.xml, Biggar, Saskatchewan
http://meteo.gc.ca/rss/city/sk-48_f.xml, Broadview, Saskatchewan
http://meteo.gc.ca/rss/city/sk-39_f.xml, Buffalo Narrows, Saskatchewan
http://meteo.gc.ca/rss/city/sk-3_f.xml, Canora, Saskatchewan
http://meteo.gc.ca/rss/city/sk-4_f.xml, Carlyle, Saskatchewan
http://meteo.gc.ca/rss/city/sk-30_f.xml, Collins Bay, Saskatchewan
http://meteo.gc.ca/rss/city/sk-42_f.xml, Coronach, Saskatchewan
http://meteo.gc.ca/rss/city/sk-29_f.xml, Cypress Hills (Provincial Park), Saskatchewan
http://meteo.gc.ca/rss/city/sk-45_f.xml, Eastend, Saskatchewan
http://meteo.gc.ca/rss/city/sk-18_f.xml, Elbow, Saskatchewan
http://meteo.gc.ca/rss/city/sk-53_f.xml, Estevan, Saskatchewan
http://meteo.gc.ca/rss/city/sk-5_f.xml, Fort Qu'Appelle, Saskatchewan
http://meteo.gc.ca/rss/city/sk-17_f.xml, Hudson Bay, Saskatchewan
http://meteo.gc.ca/rss/city/sk-6_f.xml, Humboldt, Saskatchewan
http://meteo.gc.ca/rss/city/sk-43_f.xml, Indian Head, Saskatchewan
http://meteo.gc.ca/rss/city/sk-7_f.xml, Kamsack, Saskatchewan
http://meteo.gc.ca/rss/city/sk-20_f.xml, Key Lake, Saskatchewan
http://meteo.gc.ca/rss/city/sk-21_f.xml, Kindersley, Saskatchewan
http://meteo.gc.ca/rss/city/sk-13_f.xml, La Loche, Saskatchewan
http://meteo.gc.ca/rss/city/sk-38_f.xml, La Ronge, Saskatchewan
http://meteo.gc.ca/rss/city/sk-35_f.xml, Last Mountain Lake (Sanctuary), Saskatchewan
http://meteo.gc.ca/rss/city/sk-52_f.xml, Leader, Saskatchewan
http://meteo.gc.ca/rss/city/sk-56_f.xml, Lloydminster, Saskatchewan
http://meteo.gc.ca/rss/city/sk-14_f.xml, Lucky Lake, Saskatchewan
http://meteo.gc.ca/rss/city/sk-16_f.xml, Maple Creek, Saskatchewan
http://meteo.gc.ca/rss/city/sk-22_f.xml, Meadow Lake, Saskatchewan
http://meteo.gc.ca/rss/city/sk-46_f.xml, Melfort, Saskatchewan
http://meteo.gc.ca/rss/city/sk-8_f.xml, Melville, Saskatchewan
http://meteo.gc.ca/rss/city/sk-24_f.xml, Moose Jaw, Saskatchewan
http://meteo.gc.ca/rss/city/sk-9_f.xml, Moosomin, Saskatchewan
http://meteo.gc.ca/rss/city/sk-47_f.xml, Nipawin, Saskatchewan
http://meteo.gc.ca/rss/city/sk-34_f.xml, North Battleford, Saskatchewan
http://meteo.gc.ca/rss/city/sk-37_f.xml, Outlook, Saskatchewan
http://meteo.gc.ca/rss/city/sk-10_f.xml, Oxbow, Saskatchewan
http://meteo.gc.ca/rss/city/sk-55_f.xml, Pelican Narrows, Saskatchewan
http://meteo.gc.ca/rss/city/sk-27_f.xml, Prince Albert, Saskatchewan
http://meteo.gc.ca/rss/city/sk-32_f.xml, Regina, Saskatchewan
http://meteo.gc.ca/rss/city/sk-54_f.xml, Rockglen, Saskatchewan
http://meteo.gc.ca/rss/city/sk-23_f.xml, Rosetown, Saskatchewan
http://meteo.gc.ca/rss/city/sk-1_f.xml, Rosthern, Saskatchewan
http://meteo.gc.ca/rss/city/sk-40_f.xml, Saskatoon, Saskatchewan
http://meteo.gc.ca/rss/city/sk-26_f.xml, Scott, Saskatchewan
http://meteo.gc.ca/rss/city/sk-11_f.xml, Shaunavon, Saskatchewan
http://meteo.gc.ca/rss/city/sk-50_f.xml, Southend Reindeer, Saskatchewan
http://meteo.gc.ca/rss/city/sk-25_f.xml, Spiritwood, Saskatchewan
http://meteo.gc.ca/rss/city/sk-36_f.xml, Stony Rapids, Saskatchewan
http://meteo.gc.ca/rss/city/sk-41_f.xml, Swift Current, Saskatchewan
http://meteo.gc.ca/rss/city/sk-12_f.xml, Tisdale, Saskatchewan
http://meteo.gc.ca/rss/city/sk-44_f.xml, Uranium City, Saskatchewan
http://meteo.gc.ca/rss/city/sk-28_f.xml, Val Marie, Saskatchewan
http://meteo.gc.ca/rss/city/sk-15_f.xml, Waskesiu Lake, Saskatchewan
http://meteo.gc.ca/rss/city/sk-49_f.xml, Watrous, Saskatchewan
http://meteo.gc.ca/rss/city/sk-31_f.xml, Weyburn, Saskatchewan
http://meteo.gc.ca/rss/city/sk-19_f.xml, Wynyard, Saskatchewan
http://meteo.gc.ca/rss/city/sk-33_f.xml, Yorkton, Saskatchewan
http://meteo.gc.ca/rss/city/yt-15_f.xml, Beaver Creek, Yukon
http://meteo.gc.ca/rss/city/yt-7_f.xml, Burwash Landing, Yukon
http://meteo.gc.ca/rss/city/yt-2_f.xml, Carcross, Yukon
http://meteo.gc.ca/rss/city/yt-17_f.xml, Carmacks, Yukon
http://meteo.gc.ca/rss/city/yt-6_f.xml, Dawson, Yukon
http://meteo.gc.ca/rss/city/yt-4_f.xml, Dempster (Highway), Yukon
http://meteo.gc.ca/rss/city/yt-12_f.xml, Faro, Yukon
http://meteo.gc.ca/rss/city/yt-5_f.xml, Haines Junction, Yukon
http://meteo.gc.ca/rss/city/yt-1_f.xml, Kluane Lake, Yukon
http://meteo.gc.ca/rss/city/yt-10_f.xml, Mayo, Yukon
http://meteo.gc.ca/rss/city/yt-11_f.xml, Old Crow, Yukon
http://meteo.gc.ca/rss/city/yt-3_f.xml, Rancheria, Yukon
http://meteo.gc.ca/rss/city/yt-9_f.xml, Rock River, Yukon
http://meteo.gc.ca/rss/city/yt-8_f.xml, Ross River, Yukon
http://meteo.gc.ca/rss/city/yt-14_f.xml, Teslin, Yukon
http://meteo.gc.ca/rss/city/yt-13_f.xml, Watson Lake, Yukon
http://meteo.gc.ca/rss/city/yt-16_f.xml, Whitehorse, Yukon
